id,listing_id,district,url,title,price_rub,area_m2,floor,total_floors,metro,address,description_snippet,source_page,scraped_at
102,283229441,ЮВАО,https://www.cian.ru/rent/flat/283229441/?context=3.oWWdnpDhEuk.jDpNG6HRdnD7chhG_MryYs765pyrmRZYeGT9ZUvCQd1cIa6V4qj2Ufbk-TXA0fC02p2d931qrBvWpw&mlSearchSessionGuid=8087d32d3dec985e69a6e6ba9d6445ba,1/5,133000,16.0,1,17,,"1/5 Студия, 16 м², 1/17 этаж Люблино 4 минуты на транспорте Москва , ЮВАО , р-н Марьино , м. Люблино , улица Верхние Поля , 42К1 33 000 ₽/мес. От года, комм. платежи включены (счётчики включены), без комиссии, залог 16 500 ₽ В действующем отели, на длительный срок, сдается студия гостиничного типа, без кухни ! В стоимость все включено, страховой депозит - 50%. Рассматривают 1-2 чел., РФ. В комнате минимум мебели - кровать, стол+ 2 стула, телевизор. Кондиционер. Санузел совмещенный, душ-кабина. Подробности по телефону. Агентство недвижимости Лунный Свет +7 923 078-87-... Написать 30 минут назад сегодня, 09:45",,https://www.cian.ru/snyat-kvartiru-studiu-moskva-yuvao-048/,2026-04-11T07:23:21+00:00
91,328069745,ЮВАО,https://www.cian.ru/rent/flat/328069745/?context=3.NSUjq5d4UhE.EMgfHkkVCaIXYTbcHzFBj-aJyhtpvr3jPOe82cRm7JoCncHrga64H_rTd-FN_zF8AMwtddf3ZZaEIg&mlSearchSessionGuid=8087d32d3dec985e69a6e6ba9d6445ba,1/16 Ещё фото,154000,23.0,21,33,,"1/16 Ещё фото Пешком до метро! Студия, 23 м², 21/33 этаж Нижегородская 7 минут пешком Москва , ЮВАО , р-н Нижегородский , м. Нижегородская , Перовское шоссе , 2к1 54 000 ₽/мес. От года, комм. платежи включены (без счётчиков), комиссия 60%, залог 54 000 ₽ Сдаётся светлая квартира-студия с евроремонтом и совмещённым санузлом в ЖК Перовское 2. Её можно посмотреть когда Вам удобно: бронируете время, забираете ключи и спокойно осматриваете. Если всё понравится, договор подпишем онлайн и будем поддерживать Вас на всех этапах аренды. В квартире есть: - Кухонный гарнитур; - Кондиционер; - Стиральная машина; - Холодильник; - Микроволновая печь; - Телевизор; - Утюг; - Варочная панель. Дополнительную мебель и технику можно приобрести в счёт арендной платы. Полы ламинат и плитка. Окна выходят во двор, есть бесплатная парковка. Собственник готов заселить не более 2 взрослых жильцов (можно с детьми) или заключить договор с юридическим лицом. С домашним питомцем нельзя. Дом находится в районе с развитой инфраструктурой: в пешей доступности школы, продуктовые супермаркеты, заправки, спортивные клубы, почта, аптеки и медицинские учреждения, бассейн, салоны красоты и парикмахерские, кафе и закусочные. Недалеко ТЦ Город, Перовский парк, Кусковский лесопарк и парк Карачарово. До м. Нижегородская можно дойти за 10 минут, до м. Стахановская 18 минут пешком. Агентство недвижимости ПИК-Аренда Документы проверены Посмотреть все объекты +7 986 248-21-... Написать вчера вчера, 15:53",,https://www.cian.ru/snyat-kvartiru-studiu-moskva-yuvao-048/,2026-04-11T07:23:21+00:00
85,328499468,ЮВАО,https://www.cian.ru/rent/flat/328499468/?context=3.-vX3EUuPxWI.XDP6_Fu0fQTH0cV8PPyEZRR0wTyCroT3dUJeZoCc97bXJ9aoFA3wbzNKWlzGAq1wf-iWxbo-y3sKqw&mlSearchSessionGuid=8087d32d3dec985e69a6e6ba9d6445ba,1/19 Ещё фото,178990,29.0,10,13,,"1/19 Ещё фото Цивилизованная аренда от ДОМ РФ Апартаменты-студия, 29 м², 10/13 этаж Только на Циан Площадь Ильича 8 минут пешком Москва , ЮВАО , р-н Лефортово , м. Москва-Товарная , шоссе Энтузиастов , 3к1 78 990 ₽/мес. От года, комм. платежи включены (без счётчиков), без комиссии, залог 78 990 ₽ Идут показы с датой заселения после 25.04.2026. Апартамент доступен к просмотру и бронированию! Предлагается в долгосрочную аренду светлая студия в арендном доме ""Символ"" от ДОМ.РФ. 54 Доступна рассрочка оплаты депозита на 3 месяца! Без комиссии. Разрешено проживание с животными! Апартамент с индивидуальным интерьерным решением в современном стиле, качественной отделкой, мебелью и техникой для жизни от ведущих брендов (Hotpoint Ariston): - Встраиваемая бытовая техника; - Стиральная машина; - Электрическая варочная панель; - Холодильник; - Кондиционер; - Плазменный телевизор В квартире размещён полный комплект необходимой мебели: - современный кухонный гарнитур; - обеденный стол и 2 стула; - тумба под телевизор; - двуспальный раскладной диван; - вместительный шкаф; В квартире один совмещенный санузел с душевой кабиной, раковиной и зеркалом с подсветкой и стиральной машиной. Услуги консьерж-сервиса 24/7 включены в арендную плату (прием корреспонденции, заявок на ремонт, выдача гостевых пропусков, и т.д.), дополнительно можно заказать: доставку воды, уборку, стирку, глажку, уход за животными и многое другое. Разрешено проживание с животными! Территория ""Символ"" закрытая, установлено видеонаблюдение и действует система электронных пропусков. В доме отапливаемая подземная парковка. Район с развитой инфраструктурой: в 5 минутах езды всевозможные развлекательные кластеры, такие как Винзавод, Артплей, Арма и ТРЦ Атриум. Поблизости располагаются несколько школ, детских садов, поликлиник, фитнес-центров, парков и супермаркетов. Хорошо развита транспортная сеть: в пешей доступности есть несколько станций метро (Римская-6 мин, Площадь Ильича- 6 мин), 350 метров до ТТК, а до Садового кольца всего 2 км. Услуги 24/7 ВКЛЮЧЕНЫ В АРЕНДНУЮ ПЛАТУ! (прием корреспонденции, заявок на ремонт, выдача гостевых пропусков и т.д.). Удобный и доступный сервис дополнительных услуг: уборка, стирка, глажка, а также присмотр за животными и др. При заселении оплачивается стоимость аренды за первый месяц. При заключении договора аренды до 30 апреля доступна рассрочка оплаты депозита на 3 месяца! Дополнительно оплачиваются только счетчики коммунальных услуг. Аренда от ДОМ.РФ - это не просто квадратны",,https://www.cian.ru/snyat-kvartiru-studiu-moskva-yuvao-048/,2026-04-11T07:23:21+00:00
87,323840974,ЮВАО,https://www.cian.ru/rent/flat/323840974/?context=3.ymw58JTeRfQ.J29vZwr_pv69_fN899NoGfRjzQxdQmURQ71cXqrS6Sd2QK5UvIfkviT8l_mjvLh-J-Y5RBhQt87jZQ&mlSearchSessionGuid=8087d32d3dec985e69a6e6ba9d6445ba,1/6,219500,12.0,1,16,,"1/6 Апартаменты-студия, 12 м², 1/16 этаж Только на Циан Текстильщики 14 минут пешком Москва , ЮВАО , р-н Текстильщики , м. Текстильщики , улица 8-я Текстильщиков , 13К2 19 500 ₽/мес. На несколько месяцев, комм. платежи включены (без счётчиков), без комиссии, без залога СОБСТВЕННИК! Читайте пожалуйста внимательно, полностью! Сдается комната 12м² в апартаментах. Комната изолированна. Сдам исключительно адекватному, чистоплотному, спокойному, ответственному гp. PФ без вредных привычек арендатору!!! Регистрация и амино невозможна! Для ОДНОГО человека! Санузел, душ общий. Есть возможность подключить мокрую точку в комнате (своими силами) и сделать студию. Приточно-вытяжная вентиляция, без окна, шумоизоляции. Комната находится в районе с развитой инфраструктурой, в шаговой доступности от метро, БКЛ, МЦД-2. Ценик на длительный срок(год), если комнату снять на меньший срок, то цена увеличится. Подойдёт как под жилое, так и не под жилое, мастерская, салон красоты, массаж, типография, офис, склад, упаковка, производство, ателье и т.д. ----- Примечание: у собственника могут быть дополнительные пожелания к жильцам - обсудите их в чате или по телефону Снять квартиру-студию в округе ЮВАО в Москве на длительный срок. Собственник ID 8531476 Документы проверены +7 916 936-41-... Написать шесть дней назад 4 апр, 23:37",,https://www.cian.ru/snyat-kvartiru-studiu-moskva-yuvao-048/,2026-04-11T07:23:21+00:00
89,328604135,ЮВАО,https://www.cian.ru/rent/flat/328604135/?context=3.sba7MN4tQNM.13tnfZYy1OhYhi-Cd1OnXyjk1JoPJ46BSLHyIHi-bmyrRMZjJt9Pkqg4cQqkloSI6ldJpTJCoSLdGg&mlSearchSessionGuid=8087d32d3dec985e69a6e6ba9d6445ba,1/14 Ещё фото,247200,23.0,9,33,,"1/14 Ещё фото Пешком до МЦД. Без депозита Студия, 23 м², 9/33 этаж Перерва 4 минуты пешком Москва , ЮВАО , р-н Люблино , м. Перерва , Иловайская улица , 2 47 200 ₽/мес. От года, комм. платежи включены (без счётчиков), комиссия 30%, без залога Сдаётся светлая студия с евроремонтом и совмещённым санузлом в ЖК Люблинский Парк, без депозита! Её можно посмотреть когда Вам удобно: бронируете время, забираете ключи и спокойно осматриваете. Если всё понравится, договор подпишем онлайн и будем поддерживать Вас на всех этапах аренды. В квартире есть: - Кухонный гарнитур; - Холодильник; - Стиральная машина; - Кондиционер; - Интернет проведён. Полы - ламинат и плитка. Окна выходят во двор, есть бесплатная парковка. Собственник готов заселить не более 2 взрослых жильцов с детьми. С домашним питомцем нельзя. Дом находится в районе с развитой инфраструктурой, рядом расположены: - Гипермаркет Ашан и ТЦ Бум; - Парк им. Артёма Боровика и Парк Героев Отечественной войны 1812. В пешей доступности школы и детские сады, салоны красоты и парикмахерские, кафе и закусочные, заправки и автосервисы, колледж, культурный центр, фитнес-клубы, бассейн и кинотеатр. До МЦД-2 Перерва 7 минут пешком, до м. Братиславская 20 минут. Квартира-студия в округе ЮВАО в Москве. Агентство недвижимости ПИК-Аренда Документы проверены Посмотреть все объекты +7 985 687-95-... Написать вчера вчера, 15:53",,https://www.cian.ru/snyat-kvartiru-studiu-moskva-yuvao-048/,2026-04-11T07:23:21+00:00
107,328068984,ЮВАО,https://www.cian.ru/rent/flat/328068984/?context=3.2AgFBQPGuG0.xD2HNge7ykv9wQ3cEe-3scvvNgwRG0pQgwLxBrcLGexqQLS34cRD8vgQoFxvxwLeJghyNLDvT1rbXw&mlSearchSessionGuid=8087d32d3dec985e69a6e6ba9d6445ba,1/15 Ещё фото,251000,21.0,22,25,,"1/15 Ещё фото Без залога! Пешком до МЦД Студия, 21 м², 22/25 этаж Депо 18 минут пешком Москва , ЮВАО , р-н Люблино , м. Депо , Люблинская улица , 72Ак2 51 000 ₽/мес. От года, комм. платежи включены (без счётчиков), комиссия 60%, без залога Сдаётся светлая квартира-студия с евроремонтом и совмещённым санузлом в ЖК Люблинский Парк, без депозита! Её можно посмотреть когда Вам удобно: бронируете время, забираете ключи и спокойно осматриваете. Если всё понравится, договор подпишем онлайн и будем поддерживать Вас на всех этапах аренды. В квартире есть: - кухонный гарнитур; - кондиционер; - холодильник; - стиральная машина; - варочная панель; - духовой шкаф; - микроволновая печь. Под диваном есть место для хранения. Проведён интернет. Полы ламинат и плитка. Окна выходят во двор, на север. Есть бесплатная парковка. Собственник готов заселить не более 2 взрослых жильцов с детьми, докупить мебель/технику или заключить договор с юридическим лицом. Возможно заселиться с собакой или питомцем в клетке/аквариуме. Дом находится в районе с развитой инфраструктурой: в пешей доступности школы и детские сады, салоны красоты и парикмахерские, кафе и закусочные, заправки и автосервисы, колледж, культурный центр, фитнес-клубы, бассейн и кинотеатр. Недалеко гипермаркет Ашан, ТЦ Бум, парк им. Артёма Боровика и парк Героев Отечественной войны 1812 года. До МЦД-2 Перерва 20 минут пешком, до м. Братиславская 20 минут на общественном транспорте. Агентство недвижимости ПИК-Аренда Документы проверены Посмотреть все объекты +7 986 274-33-... Написать вчера вчера, 14:25",,https://www.cian.ru/snyat-kvartiru-studiu-moskva-yuvao-048/,2026-04-11T07:23:21+00:00
104,328651703,ЮВАО,https://www.cian.ru/rent/flat/328651703/?context=3.2AVu2z0anvA.FomIPgGrEzt7gWX0Ff3DpUyiMiNz9IbppNhIunQ0h6P3psbPU8LEwIe9lcrPtryiiV3as6v9ucHQGQ&mlSearchSessionGuid=8087d32d3dec985e69a6e6ba9d6445ba,1/16 Ещё фото,253100,19.6,2,15,,"1/16 Ещё фото Без депозита! Рядом МЦД Студия, 19,6 м², 2/15 этаж Депо 18 минут пешком Москва , ЮВАО , р-н Люблино , м. Депо , Люблинская улица , 72Ак2 53 100 ₽/мес. От года, комм. платежи включены (без счётчиков), комиссия 30%, без залога Сдаётся квартира-студия с евроремонтом и совмещённым санузлом в ЖК Люблинский Парк, без депозита! Её можно посмотреть когда Вам удобно: бронируете время, забираете ключи и спокойно осматриваете. Если всё понравится, договор подпишем онлайн и будем поддерживать Вас на всех этапах аренды. Квартира оборудована кухонным гарнитуром, можно обсудить покупку необходимой мебели в счёт арендной платы. Интернет проведён. Полы ламинат и плитка. Окна выходят на улицу, есть бесплатная парковка. Собственник готов заселить не более 2 взрослых жильцов с детьми, оформить и заключить договор с юридическим лицом. Можно с домашним питомцем. Дом находится в районе с развитой инфраструктурой, рядом: - Гипермаркет Ашан; - ТЦ Бум; - Парк им. Артёма Боровика; - Парк Героев Отечественной войны 1812 года. Также в пешей доступности школы и детские сады, салоны красоты, кафе, заправки и автосервисы, колледж, культурный центр, фитнес-клуб, бассейн и кинотеатр. До МЦД-2 Перерва 20 минут пешком, до м. Братиславская 20 минут на общественном транспорте. Агентство недвижимости ПИК-Аренда Документы проверены Посмотреть все объекты +7 986 248-10-... Написать вчера вчера, 15:25",,https://www.cian.ru/snyat-kvartiru-studiu-moskva-yuvao-048/,2026-04-11T07:23:21+00:00
101,328778955,ЮВАО,https://www.cian.ru/rent/flat/328778955/?context=3.QROif2YiUrY.3Hau1f8nX6PO6VZlFK7SsLyGXZHNgGMVO9Wsh4MbxNYkZeaxhWLsuTRqVD1cl0HyNbyF_o9R0LPYbw&mlSearchSessionGuid=8087d32d3dec985e69a6e6ba9d6445ba,1/10 Ещё фото,254900,20.0,16,25,,"1/10 Ещё фото Впервые и без депозита! Студия, 20 м², 16/25 этаж Только на Циан Депо 18 минут пешком Москва , ЮВАО , р-н Люблино , м. Депо , Люблинская улица , 72Ак2 54 900 ₽/мес. От года, комм. платежи включены (без счётчиков), комиссия 60%, без залога Впервые сдаётся светлая квартира-студия с евроремонтом и совмещённым санузлом в ЖК Люблинский Парк. Без депозита! Её можно посмотреть когда Вам удобно: бронируете время, забираете ключи и спокойно осматриваете. Если всё понравится, договор подпишем онлайн и будем поддерживать Вас на всех этапах аренды. В квартире: - Кухонный гарнитур; - Холодильник; - Стиральная машина; - Кондиционер; - Телевизор; - Интернет проведён + Wi-Fi. Полы - ламинат и плитка. Окна выходят во двор, есть бесплатная парковка. Собственник готов заселить не более 3 взрослых жильцов с детьми. Можно с домашним питомцем по согласованию. Дом находится в районе с развитой инфраструктурой, рядом: - Гипермаркет Ашан; - Парк им. Артёма Боровика; - Парк Героев Отечественной войны 1812 года. Также в пешей доступности школы и детские сады, салоны красоты и парикмахерские, кафе и закусочные, заправки и автосервисы, колледж, культурный центр, фитнес-клубы, бассейн и кинотеатр. До МЦД-2 Перерва 20 минут пешком, до м. Братиславская 20 минут на общественном транспорте. Агентство недвижимости ПИК-Аренда Документы проверены Посмотреть все объекты +7 916 478-65-... Написать вчера 9 апр, 15:15",,https://www.cian.ru/snyat-kvartiru-studiu-moskva-yuvao-048/,2026-04-11T07:23:21+00:00
106,327434422,ЮВАО,https://www.cian.ru/rent/flat/327434422/?context=3.R3lzcgajHao.ZpFNKA8CUpirIVUB5q9K2azapAFBWEFP7IRcSx2tXafg1NKbQbw4oxE7zDmNgb221rCsOBzREYq-ew&mlSearchSessionGuid=8087d32d3dec985e69a6e6ba9d6445ba,1/14 Ещё фото,255000,23.2,18,25,,"1/14 Ещё фото Без депозита! Евроремонт! Студия, 23,2 м², 18/25 этаж Депо 18 минут пешком Москва , ЮВАО , р-н Люблино , м. Депо , Люблинская улица , 72Ак2 55 000 ₽/мес. От года, комм. платежи включены (без счётчиков), комиссия 60%, без залога Сдаётся светлая квартира-студия со смежным санузлом в современном ЖК Люблинский Парк, без депозита! Её можно посмотреть когда Вам удобно: бронируете время, забираете ключи и спокойно осматриваете. Если всё понравится, договор подпишем онлайн и будем поддерживать Вас на всех этапах аренды. Квартира оснащена вместительным кухонным гарнитуром, мебелью и бытовой техникой: - Холодильник; - Телевизор; - Микроволновка; - Варочная панель; - Стиральная машина; - Вытяжка; - Робот-пылесос; - Проведён интернет + WI-FI. Полы ламинат и плитка. Окна выходят во двор, на восток, есть бесплатная парковка. Собственник готов заселить не более 2 взрослых жильцов с детьми старше 3 лет и заключить договор с юридическим лицом. Можно с домашним питомцем по согласованию. Недалеко от дома: - Гипермаркет Ашан; - ТЦ Бум; - Парк им. Артёма Боровика; - Парк Героев Отечественной войны 1812 года. В пешей доступности школы и детские сады, салоны красоты, кафе, заправки и автосервисы, колледж, культурный центр, фитнес-клубы, бассейн и кинотеатр. До МЦД-2 Перерва 20 минут пешком, до м. Братиславская 19 минут на общественном транспорте. Агентство недвижимости ПИК-Аренда Документы проверены Посмотреть все объекты +7 915 255-17-... Написать вчера вчера, 12:34",,https://www.cian.ru/snyat-kvartiru-studiu-moskva-yuvao-048/,2026-04-11T07:23:21+00:00
109,327229741,ЮВАО,https://www.cian.ru/rent/flat/327229741/?context=3.kBy7cOJilxM.oqVE17Lov7V4cq1OLtwdYccnXlTLBKCMohVbhDN6LuDz7n6NQ-O21gHiYOS1Qy-9TvtD-RP9Bp7lVQ&mlSearchSessionGuid=8087d32d3dec985e69a6e6ba9d6445ba,1/17 Ещё фото,255000,19.8,7,27,,"1/17 Ещё фото Пешком до метро! Залог 0 Студия, 19,8 м², 7/27 этаж Нижегородская 10 минут пешком Москва , ЮВАО , р-н Нижегородский , м. Нижегородская , Перовское шоссе , 2к2 55 000 ₽/мес. От года, комм. платежи включены (без счётчиков), комиссия 60%, без залога Сдаётся светлая квартира-студия с евроремонтом и совмещённым санузлом в ЖК Перовское 2, без депозита! Её можно посмотреть когда Вам удобно: бронируете время, забираете ключи и спокойно осматриваете. Если всё понравится, договор подпишем онлайн и будем поддерживать Вас на всех этапах аренды. В квартире: - Кухонный гарнитур; - Телевизор (смарт-ТВ); - Холодильник; - Стиральная машина; - Утюг; - Микроволновая печь; - Варочная панель; - Диван-кровать Аскона с ортопедическим основанием. Полы ламинат и плитка. Окна выходят во двор, есть бесплатная парковка. Возможен торг. Собственник готов заселить не более 2 взрослых жильцов с детьми, докупить мебель/технику, обсудить оформление временной регистрации. Можно с небольшим домашним питомцем. Дом находится в районе с развитой инфраструктурой, рядом: - ТЦ Город; - Перовский парк; - Кусковский лесопарк; - Парк Карачарово. Также в пешей доступности школы, продуктовые супермаркеты, заправки, спортивные клубы, почта, аптеки и медицинские учреждения, бассейн, салоны красоты и парикмахерские, кафе и закусочные. До м. Нижегородская можно дойти за 10 минут, до м. Стахановская 18 минут пешком. Агентство недвижимости ПИК-Аренда Документы проверены Посмотреть все объекты +7 981 772-57-... Написать вчера вчера, 15:00",,https://www.cian.ru/snyat-kvartiru-studiu-moskva-yuvao-048/,2026-04-11T07:23:21+00:00
103,326682210,ЮВАО,https://www.cian.ru/rent/flat/326682210/?context=3.yWs1Tjl11vc.SZE0lI4GvXOZlwuuspy3KnU5CwhEotYgLoWNGxgxbN54N5pdmR_WtxIKQ6sSI8BdJ5DIBkByr0lrVQ&mlSearchSessionGuid=8087d32d3dec985e69a6e6ba9d6445ba,1/14 Ещё фото,350500,21.0,5,19,,"1/14 Ещё фото Пешком до метро, залога нет Студия, 21 м², 5/19 этаж Новохохловская 3 минуты на транспорте Москва , ЮВАО , р-н Текстильщики , м. Текстильщики , 1-й Грайвороновский проезд , 3 50 500 ₽/мес. От года, комм. платежи включены (без счётчиков), комиссия 60%, без залога Сдаётся новая студия с евроремонтом в новом ЖК Волжский парк, без депозита! Её можно посмотреть когда Вам удобно: бронируете время, забираете ключи или встречаетесь с нашим представителем и спокойно осматриваете. Если всё понравится, договор подпишем онлайн и будем поддерживать Вас на всех этапах аренды. В квартире есть: - кухонный гарнитур; - плита; - телевизор; - холодильник; - микроволновка; - утюг; - чайник; - стиральная машина. Можно обсудить приобретение дополнительной мебели/техники в счёт арендной платы. Полы — ламинат и плитка. Интернет проведён, есть роутер. Окна выходят во двор. Собственник готов заселить не более 2 взрослых жильцов с детьми и заключить договор с юридическим лицом. Можно с небольшим домашним питомцем. Дом расположен в районе с развитой инфраструктурой, в пешей доступности находятся: школа, детский сад, медицинский центр, поликлиника, продуктовые магазины, аптеки, салон красоты, кафе. В 17 минутах пешком — м. Текстильщики. Агентство недвижимости ПИК-Аренда Документы проверены Посмотреть все объекты +7 917 566-49-... Написать два дня назад 8 апр, 14:58",,https://www.cian.ru/snyat-kvartiru-studiu-moskva-yuvao-048/,2026-04-11T07:23:21+00:00
97,326994533,ЮВАО,https://www.cian.ru/rent/flat/326994533/?context=3.OSvrn8K-V2I.x_nQgyA57Q2HnsXF8mzzeyvhHsyqyTr6cHJkM6-9R1y6KFyvOXtiPIIgaRSy_L3o7eZ-Da4Ewayqww&mlSearchSessionGuid=8087d32d3dec985e69a6e6ba9d6445ba,1/16 Ещё фото,352000,23.0,15,24,,"1/16 Ещё фото Впервые и без депозита! Студия, 23 м², 15/24 этаж Новохохловская 3 минуты на транспорте Москва , ЮВАО , р-н Текстильщики , м. Текстильщики , 1-й Грайвороновский проезд , 3Ак3 52 000 ₽/мес. От года, комм. платежи включены (без счётчиков), комиссия 60%, без залога Впервые сдаётся светлая квартира-студия с евроремонтом и совмещённым санузлом в ЖК Волжский Парк, без депозита! Её можно посмотреть когда Вам удобно: бронируете время, забираете ключи и спокойно осматриваете. Если всё понравится, договор подпишем онлайн и будем поддерживать Вас на всех этапах аренды. В квартире: - Холодильник; - Стиральная машина; - Микроволновая печь; - Плита. Дополнительную мебель можно приобрести в счёт арендной платы. Полы ламинат и плитка. Окна выходят в благоустроенный двор. Собственник готов заселить не более 2 взрослых жильцов с детьми, бесплатно оформить временную регистрацию и заключить договор с юридическим лицом. Дом находится в районе с развитой инфраструктурой: в пешей доступности школы и детские сады, продуктовые супермаркеты, аптеки и медицинские учреждения, автосервисы, кафе и закусочные. До м. Текстильщики 15 минут пешком. До м. Стахановская 10 минут на общественном транспорте, до МЦК Новохохловская 20 минут. Агентство недвижимости ПИК-Аренда Документы проверены Посмотреть все объекты +7 985 038-62-... Написать вчера вчера, 15:00",,https://www.cian.ru/snyat-kvartiru-studiu-moskva-yuvao-048/,2026-04-11T07:23:21+00:00
92,326527101,ЮВАО,https://www.cian.ru/rent/flat/326527101/?context=3.akZZyXI6Rng.n7VkbJ4gy5jXjC7-TEWx14XnG3AqD73Nu7FvRFggTTSsnuVcSB_iiqv6l_JkGMd1JeStaqbpyz4Rqw&mlSearchSessionGuid=8087d32d3dec985e69a6e6ba9d6445ba,1/16 Ещё фото,353000,20.0,2,27,,"1/16 Ещё фото Без депозита! 10 мин. до метро Студия, 20 м², 2/27 этаж Нижегородская 10 минут пешком Москва , ЮВАО , р-н Нижегородский , м. Нижегородская , Перовское шоссе , 2к3 53 000 ₽/мес. От года, комм. платежи включены (без счётчиков), комиссия 60%, без залога Сдаётся светлая студия с хорошим ремонтом и совмещённым санузлом в ЖК Перовское, без депозита! Её можно посмотреть когда Вам удобно: бронируете время, забираете ключи и спокойно осматриваете. Если всё понравится, договор подпишем онлайн и будем поддерживать Вас на всех этапах аренды. Квартира оборудована кухонным гарнитуром, мебелью и бытовой техникой. Имеются: - Телевизор; - Холодильник; - Стиральная машина (с вертикальной загрузкой); - Утюг; - Микроволновая печь; - Варочная панель. Полы ламинат и плитка. Окна выходят во двор, есть бесплатная парковка. Собственник готов заселить взрослых жильцов с детьми и заключить договор с юридическим лицом. С домашним питомцем нельзя. Дом находится в районе с развитой инфраструктурой: в пешей доступности школы, продуктовые супермаркеты, заправки, спортивные клубы, почта, аптеки и медицинские учреждения, бассейн, салоны красоты и парикмахерские, кафе и закусочные. Недалеко ТЦ Город, Перовский парк, Кусковский лесопарк и парк Карачарово. До м. Нижегородская можно дойти за 10 минут, до м. Стахановская 18 минут пешком. Агентство недвижимости ПИК-Аренда Документы проверены Посмотреть все объекты +7 916 971-57-... Написать два дня назад 8 апр, 14:58",,https://www.cian.ru/snyat-kvartiru-studiu-moskva-yuvao-048/,2026-04-11T07:23:21+00:00
112,326969700,ЮВАО,https://www.cian.ru/rent/flat/326969700/?context=3.Bf3VM-AJMIU.7rlymGQP1T1EOCtHiWBkpDXAZTpiqzbkOw1zYlSQElaEqIY2QHcAZh_nStNYTXllFbCRXaD3PzW-kQ&mlSearchSessionGuid=8087d32d3dec985e69a6e6ba9d6445ba,1/15 Ещё фото,362400,19.0,7,24,,"1/15 Ещё фото Пешком до метро! Студия, 19 м², 7/24 этаж Новохохловская 3 минуты на транспорте Москва , ЮВАО , р-н Текстильщики , м. Текстильщики , 1-й Грайвороновский проезд , 3Ак3 62 400 ₽/мес. От года, комм. платежи включены (без счётчиков), комиссия 50%, без залога Сдаётся светлая квартира-студия с евроремонтом и совмещённым санузлом в ЖК Волжский Парк, без депозита! Её можно посмотреть когда Вам удобно: бронируете время, забираете ключи и спокойно осматриваете. Если всё понравится, договор подпишем онлайн и будем поддерживать Вас на всех этапах аренды. В квартире: - Интернет; - Телевизор; - Холодильник; - Микроволновая печь. Полы ламинат и плитка. Окна выходят во двор, есть бесплатная парковка. Собственник готов заселить не более 2 взрослых жильцов с детьми и заключить договор с юридическим лицом. Можно с домашним питомцем. Дом находится в районе с развитой инфраструктурой: в пешей доступности школы и детские сады, продуктовые супермаркеты, аптеки и медицинские учреждения, автосервисы, кафе и закусочные. До м. Текстильщики 15 минут пешком. До м. Стахановская 10 минут на общественном транспорте, до МЦК Новохохловская 20 минут. Агентство недвижимости ПИК-Аренда Документы проверены Посмотреть все объекты +7 985 038-36-... Написать вчера вчера, 15:00",,https://www.cian.ru/snyat-kvartiru-studiu-moskva-yuvao-048/,2026-04-11T07:23:21+00:00
100,327050820,ЮВАО,https://www.cian.ru/rent/flat/327050820/?context=3.SigGSDPxXlU.0fNxPEnkWk27_3_j4YPEv5LtEWWXIdMzIjb3rASaCVL-ffp2PUHtJo8YGQr94NdsyZrxdPrYhHg6bg&mlSearchSessionGuid=8087d32d3dec985e69a6e6ba9d6445ba,1/18 Ещё фото,363500,25.3,11,27,,"1/18 Ещё фото Пешком до метро! Залог 0 Студия, 25,3 м², 11/27 этаж Нижегородская 10 минут пешком Москва , ЮВАО , р-н Нижегородский , м. Нижегородская , Перовское шоссе , 2к3 63 500 ₽/мес. От года, комм. платежи включены (без счётчиков), комиссия 60%, без залога Сдаётся уютная квартира-студия с хорошим ремонтом в ЖК Перовское 2, без депозита! Её можно посмотреть когда Вам удобно: бронируете время, забираете ключи или встречаетесь с нашим представителем и спокойно осматриваете. Если всё понравится, договор подпишем онлайн и будем поддерживать Вас на всех этапах аренды. Квартира оснащена вместительным кухонным гарнитуром, мебелью и бытовой техникой. Есть: - Стиральная машина; - Холодильник; - Плита; - Микроволновка; - Телевизор; - Кондиционер; - Посудомоечная машина; - Проведён интернет с Wi-Fi и подключено кабельное/цифровое ТВ. Можно обсудить покупку необходимой мебели в счёт арендной платы. Полы ламинат и плитка. Окна выходят во двор и на улицу, на северо-запад. Есть бесплатная парковка. Собственник готов заселить не более 2 взрослых жильцов с детьми, оформить временную регистрацию или заключить договор с юридическим лицом. Можно с домашним питомцем по согласованию. Дом расположен в районе с развитой инфраструктурой, рядом находятся: - ТЦ Город; - Перовский парк, Кусковский лесопарк и парк Карачарово. В пешей доступности школы, продуктовые супермаркеты, заправки, спортивные клубы, почта, аптеки и медицинские учреждения, бассейн, салоны красоты, кафе. До м. Нижегородская можно дойти за 10 минут, до м. Стахановская 18 минут пешком. Агентство недвижимости ПИК-Аренда Документы проверены Посмотреть все объекты +7 916 942-34-... Написать вчера вчера, 11:00",,https://www.cian.ru/snyat-kvartiru-studiu-moskva-yuvao-048/,2026-04-11T07:23:21+00:00
105,328751223,ЮВАО,https://www.cian.ru/rent/flat/328751223/?context=3.EV-N8uqMf9A.MTYP-tzQUmhNY5_o3YVkaLX9Bp2n7Dr1wLd4XT2YFIueOMxBt4-uG-2yw84TftKnxis9KcA074_MaA&mlSearchSessionGuid=8087d32d3dec985e69a6e6ba9d6445ba,1/6,425000,17.5,11,21,,"1/6 Апартаменты-студия, 17,5 м², 11/21 этаж Только на Циан Волгоградский проспект 5 минут на транспорте Москва , ЮВАО , р-н Нижегородский , м. Калитники , Автомобильный проезд , 4 25 000 ₽/мес. От года, комм. платежи включены (без счётчиков), без комиссии, без залога Сдам на длительный срок. Если не ответил.пишите. я перезвоню. Собственник ID 130770500 +7 985 558-57-... Написать два дня назад 8 апр, 14:38",,https://www.cian.ru/snyat-kvartiru-studiu-moskva-yuvao-048/,2026-04-11T07:23:21+00:00
98,328575076,ЮВАО,https://www.cian.ru/rent/flat/328575076/?context=3.KZFm-JuW-AI.bf0dyNLKo2NGQvnv_AvLu23RpzHdyIk-Rp-yxdqERo8a5BW0qaVc5ym0QatlFdArnKwHC9wdfVjXfA&mlSearchSessionGuid=8087d32d3dec985e69a6e6ba9d6445ba,1/21 Ещё фото,454900,21.0,6,17,,"1/21 Ещё фото Впервые и без депозита! Студия, 21 м², 6/17 этаж Текстильщики 10 минут на транспорте Москва , ЮВАО , р-н Текстильщики , м. Новохохловская , 1-й Грайвороновский проезд , 3Ак4 54 900 ₽/мес. От года, комм. платежи включены (без счётчиков), комиссия 60%, без залога Впервые сдаётся светлая студия с евроремонтом в ЖК Волжский Парк, без депозита! Её можно посмотреть когда Вам удобно: бронируете время, забираете ключи и спокойно осматриваете. Если всё понравится, договор подпишем онлайн и будем поддерживать Вас на всех этапах аренды. В квартире есть: - Кухонный гарнитур; - Телевизор; - Холодильник; - Стиральная и посудомоечная машины; - Интернет и роутер. Полы ламинат и плитка. Окна выходят во двор, на юго-восток. Собственник готов заселить не более 2 взрослых жильцов или заключить договор с юридическим лицом. С питомцем нельзя. Дом расположен в районе с развитой инфраструктурой, рядом находятся: - ТЦ Город; - сквер 200-летия Пушкина; - пруд Садки. Также в пешей доступности: школы и детские сады, продуктовые супермаркеты, фитнес-клубы, кафе, аптеки и медицинские учреждения, автосервисы и заправки. До м. Текстильщики - 18 минут пешком. Агентство недвижимости ПИК-Аренда Документы проверены Посмотреть все объекты +7 915 344-22-... Написать вчера вчера, 15:53",,https://www.cian.ru/snyat-kvartiru-studiu-moskva-yuvao-048/,2026-04-11T07:23:21+00:00
99,328650937,ЮВАО,https://www.cian.ru/rent/flat/328650937/?context=3.LYuSXiA04Co.ohc0E1DM3ScPULonh7ieBOZCUd6JDiZ0O3dTdNCAxnaxvt9MD8BwGjemG18KAM2FsMTdcFLwTxzeHw&mlSearchSessionGuid=8087d32d3dec985e69a6e6ba9d6445ba,1/16,460000,19.8,15,17,,"1/16 Студия, 19,8 м², 15/17 этаж Текстильщики 10 минут на транспорте Москва , ЮВАО , р-н Текстильщики , м. Новохохловская , 1-й Грайвороновский проезд , 3Ак4 60 000 ₽/мес. На несколько месяцев, комм. платежи включены (без счётчиков), без комиссии, залог 60 000 ₽ Предлагается студия в современном жилом комплексе. Квартира никогда не сдавалась и не использовалась для аренды — вы станете первыми жильцами. В квартире выполнен ремонт ""под ключ"" с продуманной эргономикой и качественными материалами. Идеально подойдет для аккуратного человека или семейной пары. Квартира с окнами во двор. Планировка и мебель: Установлена кровать с орто-основанием и подъемным механизмом. Под матрасом — глубокий короб для хранения. Обеденная зона с раздвижным столом. Большой распашной шкаф для одежды и обуви. Письменный стол с удобным креслом. Техника и оснащение: — индукционная варочная панель (2 конфорки, быстрый нагрев); — посудомоечная машина; — вытяжка, микроволновая печь, чайник, холодильник no frost; — кондиционер; — фильтр для воды под мойкой (питьевая вода без бутылок и кулеров); — в ванной: стиральная машина с функцией сушки, шкаф и тумба для хранения; — несколько сценариев освещения. Ecть всe нeoбxодимoe для комфopтного прoживания, в т.ч нaбoр посуды для пригoтовлeния, нaбор столoвoй поcуды и cтоловыx прибoров, разделочная доска. Подушки, одеяло, гладильная доска. Инфраструктура и расположение: Дом находится в районе с полностью сформированной инфраструктурой ""в шаге от дома"". В пешей доступности : — детский сад и общеобразовательная школа; — городская поликлиника и частный медицинский центр; — продуктовые супермаркеты и круглосуточные аптеки; — кофейни, кафе для завтраков, салоны красоты и барбершопы. Условия: — Аренда долгосрочная, договор на 11 месяцев. Если съезжаете ранее чем через 6 месяцев, депозит не возвращается) — Залог 100% — Коммунальные платежи в стоимость не входят, оплачиваются дополнительно — Без домашних животных (индивидуально обговаривается маленькая собака) — В квартире нельзя курить (стоят датчики дыма). Собственник ID 39546126 +7 985 627-68-... Написать четыре дня назад 7 апр, 09:41",,https://www.cian.ru/snyat-kvartiru-studiu-moskva-yuvao-048/,2026-04-11T07:23:21+00:00
94,328800317,ЮВАО,https://www.cian.ru/rent/flat/328800317/?context=3.w9d_d976tLc.u8tWQRP9NOIKs18BcrmVMBuz6OTEHonE3lsrlvGl5ghDrKjQHmqagSZGlPdJ062GztrV9ADpmNczCQ&mlSearchSessionGuid=8087d32d3dec985e69a6e6ba9d6445ba,1/17 Ещё фото,460400,19.8,12,33,,"1/17 Ещё фото Пешком до метро! Без депозита Студия, 19,8 м², 12/33 этаж Только на Циан Новохохловская 15 минут пешком Москва , ЮВАО , р-н Текстильщики , м. Новохохловская , 1-й Грайвороновский проезд , 13к4 60 400 ₽/мес. От года, комм. платежи включены (без счётчиков), комиссия 60%, без залога Сдаётся уютная квартира-студия с совмещённым санузлом и евроремонтом в ЖК Волжский парк. Без депозита! Её можно посмотреть когда Вам удобно: бронируете время, забираете ключи и спокойно осматриваете. Если всё понравится, договор подпишем онлайн и будем поддерживать Вас на всех этапах аренды. Квартира оснащена кухонным гарнитуром, всей необходимой мебелью и бытовой техникой. Есть: - Телевизор; - Холодильник; - Стиральная машина; - Варочная панель; - Кондиционер; - Микроволновка; - Интернет и Wi-Fi. Полы - ламинат и плитка. Окна выходят во двор, есть бесплатная парковка. Собственник готов заселить не более 2 взрослых жильцов с детьми. Можно с небольшим домашним питомцем по согласованию. Дом расположен в районе с развитой инфраструктурой, рядом находятся: - ТРЦ Город. Также в пешей доступности - школа, детский сад, продуктовые магазины, кафе, медицинские центры, аптеки, салоны красоты, пункты выдачи маркетплейсов, фитнес-клуб. До м. Новохохловская - 15 минут пешком. Агентство недвижимости ПИК-Аренда Документы проверены Посмотреть все объекты +7 916 394-98-... Написать вчера вчера, 15:53",,https://www.cian.ru/snyat-kvartiru-studiu-moskva-yuvao-048/,2026-04-11T07:23:21+00:00
110,328382723,ЮВАО,https://www.cian.ru/rent/flat/328382723/?context=3.sX9Z6XX3i7k.aOEtrVAzexO1qmiyvteTryzxUCiMLXt30v4_QLn9eLwNbgRlO1Ucyg4SEU3G_cZ9fCFOwRQI4bRzbw&mlSearchSessionGuid=8087d32d3dec985e69a6e6ba9d6445ba,1/19 Ещё фото,460400,19.5,17,17,,"1/19 Ещё фото Пешком до метро, без депозита! Студия, 19,5 м², 17/17 этаж Текстильщики 10 минут на транспорте Москва , ЮВАО , р-н Текстильщики , м. Новохохловская , 1-й Грайвороновский проезд , 3Ак4 60 400 ₽/мес. От года, комм. платежи включены (без счётчиков), комиссия 30%, без залога Сдаётся светлая квартира-студия с евроремонтом и совмещённым санузлом в ЖК Волжский Парк, без депозита! Её можно посмотреть когда Вам удобно: бронируете время, забираете ключи и спокойно осматриваете. Если всё понравится, договор подпишем онлайн и будем поддерживать Вас на всех этапах аренды. В квартире есть: - Телевизор; - Холодильник; - Стиральная машина; - Кондиционер; - Микроволновая печь; - Плита; - Проведён интернет с Wi-Fi. Можно докупить необходимую мебель и технику в счёт арендной платы. Полы ламинат и плитка. Окна выходят в благоустроенный двор, на юг, есть бесплатная парковка. Собственник готов заселить не более 2 взрослых и некурящих жильцов с детьми и заключить договор с юридическим лицом. С домашним питомцем нельзя. Дом находится в районе с развитой инфраструктурой: в пешей доступности школы и детские сады, продуктовые супермаркеты, аптеки и медицинские учреждения, автосервисы, кафе и закусочные. До м. Текстильщики 15 минут пешком. До м. Стахановская 10 минут на общественном транспорте, до МЦК Новохохловская 20 минут. Агентство недвижимости ПИК-Аренда Документы проверены Посмотреть все объекты +7 915 101-26-... Написать вчера вчера, 15:53",,https://www.cian.ru/snyat-kvartiru-studiu-moskva-yuvao-048/,2026-04-11T07:23:21+00:00
108,328464105,ЮВАО,https://www.cian.ru/rent/flat/328464105/?context=3.sAUFSyxzBjs.cd8los3hTagckYYxBdmWeVJdhMY8fujfNEB9i3KqsIMvr5h403gM7m-kBeOYLw2MXS7_RhWRZUEjsA&mlSearchSessionGuid=8087d32d3dec985e69a6e6ba9d6445ba,1/25,565000,25.9,5,8,,"1/25 Студия, 25,9 м², 5/8 этаж Только на Циан Волгоградский проспект 5 минут пешком Москва , ЮВАО , р-н Южнопортовый , м. Волгоградский проспект , Волгоградский проспект , 32к5 65 000 ₽/мес. От года, комм. платежи включены (без счётчиков), комиссия 50%, без залога Дoлгоcpочная aренда (договoр нa 11 меcяцeв) Пpeдставляeм вашeму внимaнию cтильную пpoсторную студию в ЖК Бизнec-клаcсa ""Метрополия "" площaдью 25 кв.м. Бытoвая теxникa: стиpaльная машинa, пocудомoечная машинa, холодильник, микpoвoлновaя пeчь, ваpoчная панель, духoвка, вытяжка,утюг, cушилкa для бeлья,а так жe вcе неoбxодимое для комфортного проживания, в т.ч. посуда и постельное белье. В квартире имеются теплые полы Район обладает насыщенной и развитой инфраструктурой: до метро "" Угрешская"" 6-10 минут пешком до метро ""Волгоградский проспект"" 11-15 минут пешком до метро ""Дубровка"" 16-20 мин. прогулочным шагом В пешей доступности продуктовые супермаркеты- Пятерочка,Магнит,Вкус Вил,салоны красоты, кафе-рестораны, закусочные, автосервисы, аптеки и медицинские учреждения. Условия проживания по Тарифу Комфортное проживание: - 50% от арендного платежа при заселении; - Раннее бронирование объекта (за 3 дня до заселения); - Персональный менеджер на всех этапах аренды быстро реагирует на запросы - большинство бытовых вопросов решаем за 48 часов; - Страхование гражданской ответственности до 300 т.р.; - Организация мелкого ремонта. Коммунальные платежи: электроэнергия, хвс\гвс, услуги интернет провайдера, расходы за отопление дома/квартиры оплачивает арендатор. Заселение только при наличии постоянной регистрации. Без животных. Агентство недвижимости СМАРЕНТ Документы проверены +7 985 853-93-... Написать четыре дня назад 6 апр, 12:14",,https://www.cian.ru/snyat-kvartiru-studiu-moskva-yuvao-048/,2026-04-11T07:23:21+00:00
95,326159535,ЮВАО,https://www.cian.ru/rent/flat/326159535/?context=3.1xHh83olzt0.YVgUlrdDkJLu_pINX-pZJry3ALaCFtQaruu4a_umy-IZeeJ8J1qnrpAHh2zyD1xILF6H2HQhRuDObA&mlSearchSessionGuid=8087d32d3dec985e69a6e6ba9d6445ba,1/14 Ещё фото,647000,19.5,14,25,,"1/14 Ещё фото Пешком до метро! Студия, 19,5 м², 14/25 этаж Перерва 12 минут пешком Москва , ЮВАО , р-н Люблино , м. Перерва , Люблинская улица , 80к6 47 000 ₽/мес. От года, комм. платежи включены (без счётчиков), комиссия 60%, без залога Сдаётся светлая квартира-студия с евроремонтом и совмещённым санузлом в ЖК Люблинский парк! Без депозита! Её можно посмотреть когда Вам удобно: бронируете время, забираете ключи или встречаетесь с нашим представителем и спокойно осматриваете. Если всё понравится, договор подпишем онлайн и будем поддерживать Вас на всех этапах аренды. В квартире есть: - Кухонный гарнитур; - Варочная панель; - Холодильник; - Стиральная машина; - Вытяжка. Полы — ламинат и плитка. Окна выходят во двор, на восток. Во дворах обустроены детские площадки, двор без машин. На территории дома есть бесплатные парковочные места. Собственник готов заселить не более 2 взрослых жильцов с детьми, обсудить оформление временной регистрации, докупить мебель/технику или заключить договор с юридическим лицом. Можно с небольшим домашним питомцем по согласованию. Дом находится в районе с развитой инфраструктурой: в пешей доступности находятся продуктовые супермаркеты, школы, детские сады, медицинские учреждения, салоны красоты. Недалеко — парк Героев Отечественной войны 1812 года. В 18 минутах пешком — станция МЦД-2 Перерва, в 20 минутах — м. Братиславская. Автомобилистам будет удобно выезжать на Люблинскую улицу. Агентство недвижимости ПИК-Аренда Документы проверены Посмотреть все объекты +7 916 760-62-... Написать вчера вчера, 15:25",,https://www.cian.ru/snyat-kvartiru-studiu-moskva-yuvao-048/,2026-04-11T07:23:21+00:00
90,326186237,ЮВАО,https://www.cian.ru/rent/flat/326186237/?context=3.CpTVLtPOsPg.qtbwlRHa8elILt6z4QiPQXAUCKnXxVUs5kh32EXUege5o4hOUrvcvpdFPjm2j_AcC8uasymplyj-Hg&mlSearchSessionGuid=8087d32d3dec985e69a6e6ba9d6445ba,1/9,825000,18.0,1,19,,"1/9 Студия, 18 м², 1/19 этаж Только на Циан Некрасовка 7 минут пешком Москва , ЮВАО , р-н Некрасовка , м. Некрасовка , улица Ухтомского Ополчения , 8 25 000 ₽/мес. От года, комм. платежи включены (без счётчиков), комиссия 50%, залог 25 000 ₽ Для одной девушки или женщины, Другим составам не звонить! Без исключений! Соседки по лестничной клетке также женщины/девушки. На длительный срок. Стиральная машина общая на несколько таких же студий, стоит в тамбуре.( ЗАСЕЛЯЕМ ТОЛЬКО ДЕВУШЕК) Очень уютная студия! Она НЕБОЛЬШАЯ! Но компактная!! Вся техника и мебель современная, дополнительно оплачивается только горячая вода и электричество(в среднем 300 рублей летом и 2тр зимой), Договор на длительный срок. От метро Некрасовка 7 минут пешком! от ж/д станции Люберцы 5 мин на маршрутке, остановка 3 мин/пешк. Замечательный собственник! Комиссия 50% по факту заселения! Звоните, уважаемые клиенты! Сдаю жильё в округе ЮВАО в Москве на длительный срок. Риелтор Юлия Максимюк Документы проверены +7 923 079-41-... Написать неделю назад 2 апр, 15:41",,https://www.cian.ru/snyat-kvartiru-studiu-moskva-yuvao-048/,2026-04-11T07:23:21+00:00
93,328737255,ЮВАО,https://www.cian.ru/rent/flat/328737255/?context=3.ntf_AQCJ5qc.-fiKo29umAytT4TCgurSjXgaELk4WweqflLH6iSPblb8H_yzoJdAW-gD7rO9Xmmw6CfLtP3mvLl8ZA&mlSearchSessionGuid=8087d32d3dec985e69a6e6ba9d6445ba,1/5,2045000,23.0,1,4,,"1/5 Апартаменты-студия, 23 м², 1/4 этаж Только на Циан Авиамоторная 16 минут пешком Москва , ЮВАО , р-н Лефортово , м. Авиамоторная , Душинская улица , 20 45 000 ₽/мес. На несколько месяцев, комм. платежи включены (без счётчиков), без комиссии, залог 25 000 ₽ Отличный вариант для тех, кто ценит комфорт, порядок и спокойную атмосферу. Первый этаж, отдельный подьезд с выходом прямо на автобусную остановку. До метро Площадь Ильича 10 минут на автобусе. Рядом ТЦ Город (Ашан, Леруа). * стабильный Wi-Fi 100 Мбит * электрический чайник, фильтр * электрическая плита и духовка. * холодильник, * стиральная машина, * сушилка для белья, * диван, + ТВ 32"" (можно использовать как дополнительный монитор для ноутбука/ * санузел с душевой. Важно: - До 2-х человек. - Допустимо с котом. - курение в апартаментах запрещено. - Просьба соблюдать тишину после 23:00. Отдельный подьезд, всего 14 апартаментов. Спокойные и адекватные соседи. Условия аренды: - 55 000 ₽ в месяц - Залог 25 000 ₽ — Оплата раз в месяц С риэлторами не сотрудничаю, просьба не беспокоить Собственник ID 124190025 Документы проверены +7 985 004-78-... Написать вчера вчера, 17:52",,https://www.cian.ru/snyat-kvartiru-studiu-moskva-yuvao-048/,2026-04-11T07:23:21+00:00
111,328323673,ЮВАО,https://www.cian.ru/rent/flat/328323673/?context=3.Il2SB4gum_Y.gqv-oDeoDdSFUMQ5tdpQ2U-IkZdkt9jJ-gzQphXz-Q98fBcCxqsH61dQLu_uDQUtaZe3xtAK-oG-Fw&mlSearchSessionGuid=8087d32d3dec985e69a6e6ba9d6445ba,1/15,2057500,23.0,16,25,,"1/15 Комиссия 0% + Самая низкая цена! Апартаменты-студия, 23 м², 16/25 этаж Волгоградский проспект 3 минуты пешком Москва , ЮВАО , р-н Южнопортовый , м. Волгоградский проспект , Новоостаповская улица , 20 57 500 ₽/мес. От года, комм. платежи включены (без счётчиков), без комиссии, залог 57 500 ₽ УНИКАЛЬНОЕ ПРЕДЛОЖЕНИЕ: 1) Без комиссии для арендатора ! 2) Самая низкая цена за дизайнерскую студию в ЖК бизнес-класса в пределах ТТК ! 3) До метро 1 мин пешком ! Сдается на длительный срок стильная студия 23 кв.м. с дизайнерским ремонтом в современном ЖК бизнес-класса ХайВэй. АДРЕС: г. Москва, ул. Новоостаповская, д. 20. ЭТАЖ: 16 из 25. ПЛОЩАДЬ: 23 кв.м. (комната 18 кв.м., кухня-гостиная 5 кв.м.). РЕМОНТ: Объект в идеальном состоянии, дизайнерский ремонт. ОТДЕЛКА САНУЗЛА: Совмещенный санузел с душевой кабиной. ПОЛНОЕ ОСНАЩЕНИЕ МЕБЕЛЬЮ И ТЕХНИКОЙ: • Кондиционер. • Большой холодильник. • Стиральная машина. • Стеклокерамическая варочная панель. • Вытяжной шкаф. • Микроволновая печь. • ! 3 ОГРОМНЫХ ГАРДЕРОБНЫХ ШКАФА ! ЛОКАЦИЯ И ТРАНСПОРТ: • 1 минута пешком до м. Волгоградский проспект. • 10 минут пешком до м. Дубровка. • 12 минут пешком до м. Угрешская. • 10 минут на автомобиле до Садового кольца. • 10 минут до центра Москвы на метро. ИНФРАСТРУКТУРА ЖК ХАЙВЭЙ: • Комплекс бизнес-класса с подземным паркингом. • Вся необходимая инфраструктура. •Прямо в доме продуктовый супермаркет Дикси. • Скоро в ЖК будет открыт собственный фитнес-центр с бассейном World Class. • Закрытая охраняемая территория с видеонаблюдением. • Благоустроенный двор. ФИНАНСОВЫЕ И ОРГАНИЗАЦИОННЫЕ УСЛОВИЯ: • Собственник действует как ИП. Аренда возможна как для физических лиц, так и для юридических лиц (для проживания конкретного сотрудника, указываемого в договоре). • ВСЯ ОПЛАТА СТРОГО ПО БЕЗНАЛИЧНОМУ РАСЧЕТУ. • ДЛЯ ПРОЖИВАНИЯ 1 ЧЕЛОВЕКА ИЛИ СЕМЕЙНОЙ ПАРЫ БЕЗ ДЕТЕЙ! • ПРОЖИВАНИЕ С ЖИВОТНЫМИ НЕ ДОПУСКАЕТСЯ. • В стоимость аренды включены коммунальные платежи. Дополнительно оплачиваются: электроэнергия, вода по счетчикам, интернет. Риелтор ID 123676766 Документы проверены +7 985 041-16-... Написать вчера вчера, 20:10",,https://www.cian.ru/snyat-kvartiru-studiu-moskva-yuvao-048/,2026-04-11T07:23:21+00:00
86,328729519,ЮВАО,https://www.cian.ru/rent/flat/328729519/?context=3.pjzZb64VE8M.-y3CqDLS9z_wE8_2gqFFQVEghsLx3EaJSwH6LmVHpFfVJFHfbFvx2gL41gu3Ob9Uugc384fQPrfnJw&mlSearchSessionGuid=8087d32d3dec985e69a6e6ba9d6445ba,1/8 Ещё фото,2058000,23.5,21,23,,"1/8 Ещё фото Апартаменты-студия, 23,5 м², 21/23 этаж Только на Циан Волгоградский проспект 3 минуты пешком Москва , ЮВАО , р-н Южнопортовый , м. Волгоградский проспект , Новоостаповская улица , 20 58 000 ₽/мес. От года, комм. платежи включены (без счётчиков), комиссия 60%, залог 30 000 ₽ Современная студия 23 м2! 2 минуты от станции метро Волгоградский проспект или 7 минут от метро Угрешская. 10 минут до Кремля, рядом Третье транспортное кольцо, удобно добираться в любую точку города. Максимально комфортное проживание вам обеспечено. Круглосуточная охрана подъезда и территории. Высота потолков под 2,8 метра. Современный дизайн, и мебель. Новая техника (кондиционер, встроенный холодильник, плита, стиральная машина, телевизор, СВЧ). Большая ванна Индивидуальное отопление с возможностью регулировки каждой батареи. Коммунальные платежи по счетчикам. Популярный Жилой комплекс ЖК ""Хайвей"". Расположен в отличном районе города Москвы с сложившейся инфраструктурой района. Недалеко от комплекса: Крупнейший развлекательный комплекс ""Остров мечты"", Коломенский парк, Современная архитектура и авторская отделка корпусов. Благоустроенная и охраняемая территория. Собственный подземный паркинг, оригинальные современные детские площадки. Квартира сдается ВПЕРВЫЕ. Порядочный и доброжелательный собственник. Желаю Удачи! Сдается квартира-студия в округе ЮВАО в Москве. Риелтор Дмитрий Сыромятников Суперагент Посмотреть все объекты +7 986 323-66-... вчера вчера, 11:25 Как опередить это объявление?",,https://www.cian.ru/snyat-kvartiru-studiu-moskva-yuvao-048/,2026-04-11T07:23:21+00:00
88,328009833,ЮВАО,https://www.cian.ru/rent/flat/328009833/?context=3.FSUchMhmXMU.sT8vy9JqoYR7GkTCiHlmBt04H_Vl2jqV4olPlV3q7NaYxmuCLrhm_4prMSaiHRK-fTw8_gw5GaMBWQ&mlSearchSessionGuid=8087d32d3dec985e69a6e6ba9d6445ba,1/41 Ещё фото,2074999,27.0,14,22,,"1/41 Ещё фото Видовая, можно с мини собакой/кот Апартаменты-студия, 27 м², 14/22 этаж Волгоградский проспект 3 минуты пешком Москва , ЮВАО , р-н Южнопортовый , м. Волгоградский проспект , Новоостаповская улица , 20 74 999 ₽/мес. На несколько месяцев, комм. платежи включены (без счётчиков), без комиссии, залог 74 999 ₽ Замечательная студия с дорогим и современным ремонтом. Продуманная до мелочей. Здесь удобно и жить и работать. Большая кухня со всей встроенной техникой: двухкамерный холодильник, посудомоечная машина, микроволновая печь. Вместительная кровать 160 на 200 с ортопедическим матрасом, телевизор с 55 диагональю. Трехзонное освещение позволит настроить комфортный свет в квартире. Теплые полы по всей площади, кондиционер. Удобная ванная комната полностью оборудованная. Отдельная рабочая зона со своим освещением. Адаптированное место для подключения робот-пылесоса. Спешите, это супер отличный и качественный вариант. Оперативные показы с понедельника по пятницу. Сдаю квартиру-студию в округе ЮВАО в Москве. Риелтор Ильдар Канафеев Суперагент Посмотреть все объекты +7 917 566-42-... Написать вчера вчера, 17:03 Как опередить это объявление?",,https://www.cian.ru/snyat-kvartiru-studiu-moskva-yuvao-048/,2026-04-11T07:23:21+00:00
96,328298801,ЮВАО,https://www.cian.ru/rent/flat/328298801/?context=3.ikNp9uQdgz4.xlnxuS6WjIh9-FxbdXULxDRAUcBsa-DH4rDa7xYsXRt-v4TZqKbb6KbVDK09qZIswkTQCqdiCf2o6w&mlSearchSessionGuid=8087d32d3dec985e69a6e6ba9d6445ba,2/7,2835000,25.0,12,17,,"2/7 Студия, 25 м², 12/17 этаж Некрасовка 10 минут пешком Москва , ЮВАО , р-н Некрасовка , м. Некрасовка , улица Недорубова , 28 35 000 ₽/мес. От года, комм. платежи включены (счётчики включены), комиссия 60%, залог 35 000 ₽ Сдается на длительный период . Качественный рeмoнт, вся мебель и бытовая техника, нeoбходимая для кoмфopтного пpoживaния. Пoлнoстью меблиpoвана мебелью: шкаф,комод, кровать двухспальная , куxонный гарнитур, диван-кресло, барная стойка , высокие стулья . Квартира укомплектована всей бытовой техникой: электрическая плита , холодильник, стиральная машина, микроволновка. Сан узел раздельный, ванна, стиральная машина автомат раздельный в пользовании 3 комнат. Рядом с метро торговые центры, фитнес центр, продуктовые магазины в доме и рядом с домом. Шаговая доступность 7 минут до станции метро Некрасовка. Сдается на длительный период . Рассмотрят платежеспособных жильцов, приоритет для девушки, женщины. Оплата 35000 рублей все платежи включены в стоимость. Депозит 35000 рублей можно разделить на 2 платежа. Комиссия . ID 307387 Документы проверены +7 923 074-33-... Написать три дня назад 7 апр, 13:27",,https://www.cian.ru/snyat-kvartiru-studiu-moskva-yuvao-048/,2026-04-11T07:23:21+00:00
